<?xml version="1.0" encoding="UTF-8"?>
<project-private xmlns="http://www.netbeans.org/ns/project-private/1">
    <editor-bookmarks xmlns="http://www.netbeans.org/ns/editor-bookmarks/2" lastBookmarkId="0"/>
    <open-files xmlns="http://www.netbeans.org/ns/projectui-open-files/2">
        <group>
            <file>file:/C:/Users/juanm/OneDrive/Documentos/01%20UNIVERSIDAD/03.TERCER%20SEMESTRE%20UNIVERSIDAD/Estructura%20de%20Datos/Ordenamiento/Ordenamiento/src/GUI/Inicio.java</file>
            <file>file:/C:/Users/juanm/OneDrive/Documentos/01%20UNIVERSIDAD/03.TERCER%20SEMESTRE%20UNIVERSIDAD/Estructura%20de%20Datos/Ordenamiento/Ordenamiento/src/Logica/busquedaBinaria.java</file>
            <file>file:/C:/Users/juanm/OneDrive/Documentos/01%20UNIVERSIDAD/03.TERCER%20SEMESTRE%20UNIVERSIDAD/Estructura%20de%20Datos/Ordenamiento/Ordenamiento/src/GUI/ComparacionesNano.java</file>
            <file>file:/C:/Users/juanm/OneDrive/Documentos/01%20UNIVERSIDAD/03.TERCER%20SEMESTRE%20UNIVERSIDAD/Estructura%20de%20Datos/Ordenamiento/Ordenamiento/src/Logica/Ordenamientos.java</file>
            <file>file:/C:/Users/juanm/OneDrive/Documentos/01%20UNIVERSIDAD/03.TERCER%20SEMESTRE%20UNIVERSIDAD/Estructura%20de%20Datos/Ordenamiento/Ordenamiento/src/GUI/MostrarComparaciones.java</file>
        </group>
    </open-files>
</project-private>
